doc_a_filename,doc_b_filename,contradiction_type,severity,claim_a_snippet,claim_b_snippet,section_a,section_b,is_contradiction,labeler_note
"RBI_Master_Circular_KYC_2013.pdf","RBI_Master_Direction_KYC_2025.pdf","stale_reference","critical","The periodicity of such updation should not be less than once in five years in case of low risk category customers and not less than once in two years in case of high and medium risk categories.","However, periodic updation shall be carried out at least once in every two years for high-risk customers, once in every eight years for medium risk customers and once in every ten years for low-risk customers from the date of opening of the account / last KYC updation.","II. Know Your Customer (KYC) Guidelines - Paragraph 9","Chapter VI - Customer Due Diligence (CDD) Procedure - Paragraph 38","true","Pattern A (Timeline Update): The mandatory KYC periodic updation intervals have shifted significantly. Internal compliance policies utilizing the 2013 rules would cause over-frequent checks for low and medium risk customers rather than adhering to the updated 2025 timelines."
"RBI_Master_Circular_KYC_2013.pdf","RBI_Master_Direction_KYC_2025.pdf","stale_reference","critical","NBFCs should ensure that records pertaining to the identification of the customer and his address (e.g. copies of documents like passports, identity cards, driving licenses, PAN, utility bills etc.) obtained while opening the account and during the course of business relationship, are properly preserved for at least ten years after the business relationship is ended.","(b) preserve the records pertaining to the identification of the customers and their addresses obtained while opening the account and during the course of business relationship, for at least five years after the business relationship is ended;","III. Prevention of Money Laundering Act, 2002 - Paragraph 4","Chapter VII - Record Management - Paragraph 46","true","Pattern A (Timeline Update): The record preservation timeline for customer identification profiles has been reduced from ten years in the 2013 circular to five years in the 2025 Master Direction."
"RBI_Master_Circular_KYC_2013.pdf","RBI_Master_Direction_KYC_2025.pdf","numerical_discrepancy","critical","NBFCs should ensure that records pertaining to the identification of the customer and his address (e.g. copies of documents like passports, identity cards, driving licenses, PAN, utility bills etc.) obtained while opening the account and during the course of business relationship, are properly preserved for at least ten years after the business relationship is ended.","(b) preserve the records pertaining to the identification of the customers and their addresses obtained while opening the account and during the course of business relationship, for at least five years after the business relationship is ended;","III. Prevention of Money Laundering Act, 2002 - Paragraph 4","Chapter VII - Record Management - Paragraph 46","true","Direct numerical discrepancy in the mandatory retention period for customer identification records, which was halved from 10 years to 5 years."
"RBI_Master_Circular_KYC_2013.pdf","RBI_Master_Direction_KYC_2025.pdf","numerical_discrepancy","critical","The periodicity of such updation should not be less than once in five years in case of low risk category customers and not less than once in two years in case of high and medium risk categories.","However, periodic updation shall be carried out at least once in every two years for high-risk customers, once in every eight years for medium risk customers and once in every ten years for low-risk customers from the date of opening of the account / last KYC updation.","II. Know Your Customer (KYC) Guidelines - Paragraph 9","Chapter VI - Customer Due Diligence (CDD) Procedure - Paragraph 38","true","Direct numerical mismatch in the KYC updation cycles across identical risk tiers. Low-risk intervals jumped from 5 years to 10 years, and medium-risk intervals jumped from 2 years to 8 years."
"RBI_Master_Circular_KYC_2013.pdf","RBI_Master_Direction_KYC_2025.pdf","policy_conflict","moderate","Where the client is a trust, the banking company and financial institution, as the case may be, shall identify the beneficial owners of the client and take reasonable measures to verify the identity of such persons, through the identity of the settler of the trust, the trustee, the protector, the beneficiaries with 15% or more interest in the trust and any other natural person exercising ultimate effective control over the trust through a chain of control or ownership.","Where the customer is a trust, the identification of beneficial owner(s) shall include identification of the author of the trust, the trustee, the beneficiaries with 10 percent or more interest in the trust and any other natural person exercising ultimate effective control over the trust through a chain of control or ownership.","Annex-VI - Customer Identification Procedure (CIP) - Paragraph 3","Chapter I - PRELIMINARY - Paragraph 3(a)(iv)(d)","true","Pattern C (Rule Scope Mismatch): The definitional threshold for determining beneficial ownership inside a trust entity was structurally tightened, lowering the equity requirement from 15% in 2013 to 10% in the updated 2025 directive."
"RBI_Master_Circular_KYC_2013.pdf","RBI_Master_Direction_KYC_2025.pdf","policy_conflict","critical","a) introduction from another account holder who has been subjected to full KYC procedure. The introducer’s account with the NBFC should be at least six month old and should show satisfactory transactions. Photograph of the customer who proposes to open the account and also his address needs to be certified by the introducer.","(g) REs shall ensure that introduction is not to be sought while opening accounts.","II. Know Your Customer (KYC) Guidelines - Paragraph 5","Chapter V - Customer Identification Procedure (CIP) - Paragraph 13","true","Pattern C (Rule Scope Mismatch): The 2013 framework explicitly instructed using an existing customer's introduction for simplified KYC onboarding. The updated 2025 directive expressly prohibits seeking introductions, creating a direct regulatory breach if legacy policies are maintained."
"RBI_Master_Circular_KYC_2013.pdf","RBI_Master_Direction_KYC_2025.pdf","stale_reference","moderate","NBFCs are further advised that such review of risk categorisation of customers should be carried out at a periodicity of not less than once in six months.","Further, the periodicity of risk assessment exercise shall be determined by the Board or any committee of the Board of the RE to which power in this regard has been delegated, in alignment with the outcome of the risk assessment exercise. However, it should be reviewed at least annually.","II. Know Your Customer (KYC) Guidelines - Paragraph 9","CHAPTER IV - Risk Management - Paragraph 5A","true","Pattern A (Timeline Update): The mandatory frequency for reviewing a customer's risk categorization was fixed at a minimum of six months in 2013. The 2025 directive shifts this to a Board-determined frequency with a baseline of at least annually."
"RBI_Master_Circular_KYC_2013.pdf","RBI_Master_Direction_KYC_2025.pdf","policy_conflict","critical","Hence, it has been decided to further simplify the KYC procedure for opening accounts by NBFCs for those persons who intend to keep balances not exceeding rupees fifty thousand (Rs. 50,000/-) in all their accounts taken together and the total credit in all the accounts taken together is not expected to exceed rupees one lakh (Rs. 1,00,000/-) in a year.","Notwithstanding anything contained in paragraph 16 and as an alternative thereto, in case an individual who desires to open a bank account, banks shall open a ‘Small Account’, which entails the following limitations: i. the aggregate of all credits in a financial year does not exceed rupees one lakh; ii. the aggregate of all withdrawals and transfers in a month does not exceed rupees ten thousand; and iii. the balance at any point of time does not exceed rupees fifty thousand.","II. Know Your Customer (KYC) Guidelines - Paragraph 4","Chapter VI - Customer Due Diligence (CDD) Procedure - Paragraph 23","true","Pattern C (Rule Scope Mismatch): The 2013 guidelines for simplified accounts only restricted total balance and annual credits. The 2025 directive introduces a monthly transaction cap (Rs. 10,000 on withdrawals and transfers) which would be missed by legacy monitoring systems."
"RBI_Master_Circular_KYC_2013.pdf","RBI_Master_Direction_KYC_2025.pdf","policy_conflict","critical","(iv) Electricity bill (v) Ration card (vi) Letter from employer (subject to satisfaction of the bank)","“Officially Valid Document” (OVD) means the passport, the driving licence, proof of possession of Aadhaar number, the Voter's Identity Card issued by the Election Commission of India, job card issued by NREGA duly signed by an officer of the State Government and letter issued by the National Population Register containing details of name and address.","Annex-VIII - Customer Identification Procedure","Chapter I - PRELIMINARY - Paragraph 3(a)(xiv)","true","Pattern C (Rule Scope Mismatch): The 2013 framework allowed relying on ration cards and employer letters. The 2025 Master Direction explicitly redefines OVDs to a closed list, removing ration cards and employer letters entirely."
"RBI_Master_Circular_KYC_2013.pdf","RBI_Master_Direction_KYC_2025.pdf","policy_conflict","critical","NBFCs (including RNBCs) should appoint a senior management officer to be designated as Principal Officer and the role and responsibilities of the Principal Officer have been detailed therein.","(d) In no case, the Principal Officer shall be nominated as the 'Designated Director'.","II. Know Your Customer (KYC) Guidelines - Paragraph 15","CHAPTER I - PRELIMINARY - Paragraph 6(d)","true","Pattern C (Rule Scope Mismatch): The 2013 guidelines positioned the Principal Officer as the ultimate senior management point for AML compliance. The 2025 directive requires a 'Designated Director' and explicitly forbids the Principal Officer from simultaneously holding this role."
"RBI_Master_Circular_KYC_2013.pdf","RBI_Master_Direction_KYC_2025.pdf","numerical_discrepancy","critical","B. Where the client is a trust, the banking company and financial institution, as the case may be, shall identify the beneficial owners of the client and take reasonable measures to verify the identity of such persons, through the identity of the settler of the trust, the trustee, the protector, the beneficiaries with 15% or more interest in the trust and any other natural person exercising ultimate effective control over the trust through a chain of control or ownership.","d. Where the customer is a trust, the identification of beneficial owner(s) shall include identification of the author of the trust, the trustee, the beneficiaries with 10 percent or more interest in the trust and any other natural person exercising ultimate effective control over the trust through a chain of control or ownership.","Annex-VI - Customer Identification Procedure ( CIP ) - Paragraph 3","CHAPTER I - PRELIMINARY - Paragraph 3(a)(iv)(d)","true","Direct mathematical mismatch in the equity/interest threshold required to classify a trust beneficiary as a Beneficial Owner, which was reduced from 15% in 2013 to 10% in 2025."
"RBI_Master_Circular_KYC_2013.pdf","RBI_Master_Direction_KYC_2025.pdf","stale_reference","moderate","All NBFCs were advised that, while opening accounts based on Aadhaar also, NBFCs must satisfy themselves about the current address of the customer by obtaining required proof of the same as per extant instructions.","Further, in such a case, if customer wants to provide a current address, different from the address as per the identity information available in the Central Identities Data Repository, he may give a self-declaration to that effect to the RE.","II. Know Your Customer (KYC) Guidelines - Paragraph 11","Chapter VI - Customer Due Diligence (CDD) Procedure - Paragraph 16","true","Pattern A (Policy Conflict): The 2013 framework mandated obtaining formal documentary proof of address even when an Aadhaar document was used. The 2025 update relaxes this by allowing a simple self-declaration for a differing current address during e-KYC."
"RBI_Master_Circular_KYC_2013.pdf","RBI_Master_Direction_KYC_2025.pdf","policy_conflict","moderate","Banks should refuse to enter into a correspondent relationship with a “shell bank” (i.e. a bank which is incorporated in a country where it has no physical presence and is unaffiliated to any regulated financial group).","Physical presence means meaningful mind and management located within a country. The existence simply of a local agent or low-level staff does not constitute physical presence.","Annex-VI - Guidelines issued by DBOD to banks","Chapter I - PRELIMINARY - Paragraph 3(a)(xv)","true","Pattern C (Rule Scope Mismatch): The 2025 definition expands the scope of what defines a 'Shell Bank' by explicitly ruling out local agents or low-level staff as proof of 'physical presence', clarifying the older, looser 2013 definition."
"RBI_Master_Circular_KYC_2013.pdf","RBI_Master_Direction_KYC_2025.pdf","stale_reference","critical","Consequently, NBFCs were advised to initiate steps for allotting Unique Customer Identification Code (UCIC) to all their customers while entering into any new relationships.","(b) In terms of provision of Rule 9(1A) of the PML Rules, the REs shall capture customer’s KYC records and upload onto CKYCR within 10 days of commencement of an account-based relationship with the customer.","II. Know Your Customer (KYC) Guidelines - Paragraph 11A","Chapter X - Other Instructions - Paragraph 56","true","Pattern A (Timeline Update): The 2025 directive introduces a strict 10-day regulatory deadline for uploading customer data to the centralized CKYCR database, whereas the 2013 guidelines focused on general internal UCIC generation."
"RBI_Master_Circular_KYC_2013.pdf","RBI_Master_Direction_KYC_2025.pdf","policy_conflict","critical","(i) Passport (ii) PAN card (iii) Voter’s Identity Card (iv) Driving licence (v) Identity card (subject to the bank’s satisfaction) (vi) Letter from a recognized public authority or public servant verifying the identity and residence of the customer to the satisfaction of bank","For undertaking CDD, REs shall obtain the following from an individual while establishing an account-based relationship... (a) the Aadhaar number... and (b) the Permanent Account Number or the equivalent e-document thereof or Form No. 60 as defined in Income-tax Rules, 1962","Annex-VIII - Customer Identification Procedure","Chapter VI - Customer Due Diligence (CDD) Procedure - Paragraph 16","true","Pattern C (Rule Scope Mismatch): The 2013 framework treated the PAN card as merely one of many optional identity documents. The 2025 directive elevates PAN (or Form 60) to a universally mandatory requirement."
"RBI_Master_Circular_KYC_2013.pdf","RBI_Master_Direction_KYC_2025.pdf","policy_conflict","critical","Examples of customers requiring higher due diligence may include (a) non-resident customers, (b) high net worth individuals, (c) trusts, charities, NGOs and organizations receiving donations...","REs shall ensure that in case of customers who are non-profit organisations, the details of such customers are registered on the DARPAN Portal of NITI Aayog. If the same are not registered, RE shall register the details on the DARPAN Portal.","Annex-VI - Customer Acceptance Policy (CAP) - Paragraph 2","Chapter VII - Record Management - Paragraph 46A","true","Pattern C (Rule Scope Mismatch): The 2025 directive introduces a new mandatory verification gate for NGOs/NPOs (registration on the DARPAN Portal), whereas legacy 2013 policies only flagged them generally as requiring higher due diligence."
"RBI_Master_Circular_KYC_2013.pdf","RBI_Master_Direction_KYC_2025.pdf","stale_reference","critical","Further, NBFCs should scan all existing accounts to ensure that no account is held by or linked to any of the entities or individuals included in the list.","The aforementioned lists, i.e., UNSC Sanctions Lists and lists as available in the Schedules to the Prevention and Suppression of Terrorism (Implementation of Security Council Resolutions) Order, 2007, as amended from time to time, shall be verified on daily basis and any modifications to the lists in terms of additions, deletions or other changes shall be taken into account by the REs for meticulous compliance.","IV. Combating financing of terrorism - Paragraph 1","Chapter IX - Requirements/obligations under International Agreements - Paragraph 51","true","Pattern A (Timeline Update): The cadence for screening customer databases against terrorist sanction lists was upgraded from an unspecified instruction ('scan all existing accounts') in 2013 to a strict, mandatory 'daily basis' verification in 2025."
"RBI_Master_Circular_KYC_2013.pdf","RBI_Master_Direction_KYC_2025.pdf","policy_conflict","moderate","(i) Certificate of incorporation and Memorandum & Articles of Association (ii) Resolution of the Board of Directors to open an account and identification of those who have authority to operate the account (iii) Power of Attorney granted to its managers, officers or employees to transact business on its behalf (iv) Copy of PAN allotment letter (v) Copy of the telephone bill","For opening an account of a company, certified copies of each of the following documents or the equivalent e-documents thereof shall be obtained: ... (f) the names of the relevant persons holding senior management position;","Annex-VIII - Customer Identification Procedure","Chapter VI - Customer Due Diligence (CDD) Procedure - Paragraph 30","true","Pattern C (Rule Scope Mismatch): The 2025 directive expands the mandatory CDD scope for corporate entities to explicitly include identifying and obtaining the names of persons holding senior management positions, which was absent from the 2013 corporate onboarding checklist."
"RBI_Master_Circular_KYC_2013.pdf","RBI_Master_Direction_KYC_2025.pdf","numerical_discrepancy","moderate","NBFCs are further advised that such review of risk categorisation of customers should be carried out at a periodicity of not less than once in six months.","Further, the periodicity of risk assessment exercise shall be determined by the Board or any committee of the Board of the RE to which power in this regard has been delegated, in alignment with the outcome of the risk assessment exercise. However, it should be reviewed at least annually.","II. Know Your Customer (KYC) Guidelines - Paragraph 9","CHAPTER IV - Risk Management - Paragraph 5A","true","Direct mathematical mismatch in the baseline frequency limit for reviewing a customer's risk assessment, shifting from every 6 months in 2013 to at least 12 months (annually) in 2025."
"RBI_Master_Circular_KYC_2013.pdf","RBI_Master_Direction_KYC_2025.pdf","numerical_discrepancy","critical","Hence, it has been decided to further simplify the KYC procedure for opening accounts by NBFCs for those persons who intend to keep balances not exceeding rupees fifty thousand (Rs. 50,000/-) in all their accounts taken together and the total credit in all the accounts taken together is not expected to exceed rupees one lakh (Rs. 1,00,000/-) in a year.","Notwithstanding anything contained in paragraph 16 and as an alternative thereto, in case an individual who desires to open a bank account, banks shall open a ‘Small Account’, which entails the following limitations: i. the aggregate of all credits in a financial year does not exceed rupees one lakh; ii. the aggregate of all withdrawals and transfers in a month does not exceed rupees ten thousand; and iii. the balance at any point of time does not exceed rupees fifty thousand.","II. Know Your Customer (KYC) Guidelines - Paragraph 4","Chapter VI - Customer Due Diligence (CDD) Procedure - Paragraph 23","true","Numerical mismatch stemming from the introduction of a new strict boundary cap: a 'rupees ten thousand' monthly limit on withdrawals and transfers which did not numerically exist in the 2013 framework for simplified accounts."
"RBI_Master_Circular_KYC_2013.pdf","RBI_Master_Direction_KYC_2025.pdf","","","The Suspicious Transaction Report (STR) should be furnished within 7 days of arriving at a conclusion that any transaction, whether cash or noncash, or a series of transactions integrally connected are of suspicious nature.","REs shall furnish to the Director, Financial Intelligence Unit-India (FIU-IND), information referred to in rule 3 of the PML (Maintenance of Records) Rules, 2005 in terms of rule 7 thereof... make use of by REs which are yet to install/adopt suitable technological tools for extracting CTR/STR...","Section III, Para 5","Chapter VIII, Para 47-48","false","Both documents mandate the reporting of suspicious transactions to the FIU-IND, maintaining consistent anti-money laundering obligations."
"RBI_Master_Circular_KYC_2013.pdf","RBI_Master_Direction_KYC_2025.pdf","","","NBFCs may not put any restrictions on operations in the accounts where an STR has been made. However, it should be ensured that there is no tipping off to the customer at any level.","REs shall not put any restriction on operations in the accounts merely on the basis of the STR filed... Where RE forms a suspicion of money laundering or terrorist financing, and it reasonably believes that performing the CDD process will tip-off the customer, it shall not pursue the CDD process, and instead file an STR with FIU-IND.","Section III, Para 6","Chapter III, Para 11A & Chapter VIII, Para 49","false","Both documents explicitly prohibit tipping off the customer regarding suspicious transaction reporting or CDD, demonstrating a persistent security protocol."
"RBI_Master_Circular_KYC_2013.pdf","RBI_Master_Direction_KYC_2025.pdf","","","The Customer Acceptance Policy must ensure that explicit guidelines are in place on the following aspects of customer relationship in the bank. (i) No account is opened in anonymous or fictitious/ benami name(s);","Without prejudice to the generality of the aspect that Customer Acceptance Policy may contain, REs shall ensure that: (a) No account is opened in anonymous or fictitious/benami name.","Annex VI, Para 2","Chapter III, Para 10","false","Both circulars strictly prohibit the opening of accounts in anonymous or fictitious/benami names under their Customer Acceptance Policies."
"RBI_Master_Circular_KYC_2013.pdf","RBI_Master_Direction_KYC_2025.pdf","","","NBFCs (including RNBCs) should appoint a senior management officer to be designated as Principal Officer... The Principal Officer will be responsible for timely submission of CTR and STR to FIU-IND;","The Principal Officer shall be responsible for ensuring compliance, monitoring transactions, and sharing and reporting information as required under the law/regulations.","Section II, Para 15 & Section III, Para 5","Chapter II, Para 7","false","Both texts require the designation of a Principal Officer tasked with monitoring and reporting transactions to the FIU-IND, keeping the core role intact."
"RBI_Master_Circular_KYC_2013.pdf","RBI_Master_Direction_KYC_2025.pdf","","","Ongoing monitoring is an essential element of effective KYC procedures. Banks can effectively control and reduce their risk only if they have an understanding of the normal and reasonable activity of the customer so that they have the means of identifying transactions that fall outside the regular pattern of activity.","REs shall undertake on-going due diligence of customers to ensure that their transactions are consistent with their knowledge about the customers, customers’ business and risk profile, the source of funds / wealth.","Annex VI, Para 4","Chapter VI, Part V, Para 35","false","Both frameworks establish the fundamental requirement for ongoing transaction monitoring to ensure consistency with the customer's known profile."
"RBI_Master_Circular_KYC_2013.pdf","RBI_Master_Direction_KYC_2025.pdf","","","NBFCs should take appropriate steps to evolve a system for proper maintenance and preservation of account information in a manner that allows data to be retrieved easily and quickly whenever required...","REs shall... evolve a system for proper maintenance and preservation of account information in a manner that allows data to be retrieved easily and quickly whenever required or when requested by the competent authorities;","Section III, Para 4","Chapter VII, Para 46(f)","false","Both regulations require institutions to maintain a system that allows for easy and quick retrieval of preserved account information."
"RBI_Master_Circular_KYC_2013.pdf","RBI_Master_Direction_KYC_2025.pdf","","","The decision to open an account for PEP should be taken at a senior level which should be clearly spelt out in Customer Acceptance policy. Banks should also subject such accounts to enhanced monitoring on an ongoing basis.","REs shall have the option of establishing a relationship with PEPs... provided that... the approval to open an account for a PEP shall be obtained from the senior management; (d) all such accounts are subjected to enhanced monitoring on an on-going basis;","Annex VII","Chapter VI, Part VI, Para 41.A","false","Both documents mandate that opening accounts for Politically Exposed Persons (PEPs) requires senior management approval and enhanced ongoing monitoring."
"RBI_Master_Circular_KYC_2013.pdf","RBI_Master_Direction_KYC_2025.pdf","","","The information collected from the customer for the purpose of opening of account should be kept as confidential and not divulge any details thereof for cross selling or any other purposes.","Information collected from customers for the purpose of opening of account shall be treated as confidential and details thereof shall not be divulged for the purpose of cross selling, or for any other purpose without the express permission of the customer.","Section II, Para 2","Chapter X, Para 55(b)","false","Both circulars emphasize the confidentiality of customer information collected during account opening, specifically prohibiting its use for cross-selling without consent."
"RBI_Master_Circular_KYC_2013.pdf","RBI_Master_Direction_KYC_2025.pdf","","","NBFCs are advised that before opening any new account it should be ensured that the name/s of the proposed customer does not appear in the list [United Nations' Security Council Resolutions].","Suitable system is put in place to ensure that the identity of the customer does not match with any person or entity, whose name appears in the sanctions lists indicated in Chapter IX of this MD.","Section IV, Para 1","Chapter III, Para 10(i)","false","Both rules require entities to screen prospective customers against designated sanctions/terrorist lists before opening an account."
"RBI_Master_Circular_KYC_2013.pdf","RBI_Master_Direction_KYC_2025.pdf","","","Banks should refuse to enter into a correspondent relationship with a “shell bank” (i.e. a bank which is incorporated in a country where it has no physical presence and is unaffiliated to any regulated financial group).","Correspondent relationship shall not be entered into or continued with a shell bank.","Annex VII","Chapter X, Para 63(g)","false","Both versions strictly prohibit the establishment or continuation of correspondent banking relationships with shell banks."
"RBI_Master_Circular_PSL_2015.pdf","RBI_Master_Direction_PSL_2025.pdf","numerical_discrepancy","critical","The Total Priority Sector target of 40 percent for foreign banks with less than 20 branches has to be achieved in a phased manner i.e., 32 percent in 2015-16, 34 percent in 2016-17, and reaching 40 percent by 2019-20.","Foreign Banks with less than 20 branches are mandated to achieve a Total Priority Sector target of 40 per cent of ANBC or CEOBSE, whichever is higher; out of which up to 32% can be in the form of Export Credit.","Chapter II - Targets/Sub-targets - Foreign banks timeline","Chapter II - Targets/Sub-targets for Priority sector - Foreign banks target","true","Direct mismatch in the implementation timeline and structure of total priority sector targets for foreign banks with less than 20 branches."
"RBI_Master_Circular_PSL_2015.pdf","RBI_Master_Direction_PSL_2025.pdf","definitional_conflict","critical","A micro enterprise is an enterprise where the investment in plant and machinery does not exceed ₹25 lakh for manufacturing and ₹10 lakh for the service sector.","An enterprise shall be classified as a micro enterprise where the investment in plant and machinery or equipment does not exceed ₹2.5 crore and turnover does not exceed ₹10 crore.","Chapter I - Definitions","Chapter II - Micro, Small and Medium Enterprises (MSMEs)","true","Definitional conflict regarding what constitutes a Micro Enterprise. The 2025 directive introduces a significantly higher investment limit and a new turnover criteria, discarding the manufacturing vs service sector distinction."
"RBI_Master_Circular_PSL_2015.pdf","RBI_Master_Direction_PSL_2025.pdf","numerical_discrepancy","moderate","A target of 8 percent of ANBC or Credit Equivalent Amount of Off-Balance Sheet Exposure, whichever is higher, has been prescribed for Small and Marginal Farmers, to be achieved in a phased manner i.e. 7 percent by March 2016 and 8 percent by March 2017.","The targets and sub-targets set under priority sector lending... Small and Marginal Farmers target is fixed at 10 percent of ANBC or CEOBSE for Domestic Commercial Banks.","Chapter II - Targets/Sub-targets - Small and Marginal Farmers","Chapter II - Targets/Sub-targets for Priority sector - Small and Marginal Farmers","true","Numerical discrepancy in the sub-target for Small and Marginal Farmers, which shifted from a phased 8% limit in 2015 to a flat 10% in 2025."
"RBI_Master_Circular_PSL_2015.pdf","RBI_Master_Direction_PSL_2025.pdf","numerical_discrepancy","critical","Loans to individuals up to ₹ 28 lakh in metropolitan centres (with population of ten lakh and above) and loans up to ₹ 20 lakh in other centres for purchase/construction of a dwelling unit per family provided the overall cost of the dwelling unit does not exceed ₹ 35 lakh and ₹ 25 lakh respectively.","Loans to individuals up to ₹ 35 lakh in metropolitan centres (with population of ten lakh and above) and up to ₹ 25 lakh in other centres for purchase/construction of a dwelling unit per family provided the overall cost of the dwelling unit does not exceed ₹ 45 lakh and ₹ 30 lakh respectively.","Chapter III - Housing","Chapter II - Housing","true","Numerical discrepancy in the eligibility limits for housing loans under priority sector, with the 2025 circular raising both the loan limits and the overall dwelling cost thresholds."
"RBI_Master_Circular_PSL_2015.pdf","RBI_Master_Direction_PSL_2025.pdf","stale_reference","critical","For priority sector classification, banks must verify the investment in plant and machinery as per the documents submitted by the borrower under the MSMED Act, 2006.","All such enterprises are required to register online on the Udyam Registration portal and obtain 'Udyam Registration Certificate'. For Priority Sector Lending (PSL) purposes banks shall be guided by the classification recorded in the Udyam Registration Certificate (URC).","Chapter III - Micro, Small and Medium Enterprises","Chapter II - Micro, Small and Medium Enterprises (MSMEs)","true","Procedural conflict. The 2025 framework mandates the Udyam Registration Certificate for MSME classification, replacing the older documentary reliance on standalone investment proofs from 2015."
"RBI_Master_Circular_PSL_2015.pdf","RBI_Master_Direction_PSL_2025.pdf","numerical_discrepancy","critical","Loans to farmers up to ₹ 50 lakh against pledge/hypothecation of agricultural produce (including warehouse receipts) for a period not exceeding 12 months.","Loans to farmers up to ₹ 75 lakh against pledge/hypothecation of agricultural produce (including Electronic Negotiable Warehouse Receipts) for a period not exceeding 12 months.","Chapter III - Agriculture - Produce pledge loans","Chapter II - Agriculture - Produce pledge loans","true","Direct numerical discrepancy in the cap for priority sector classification of loans against pledge/hypothecation of agricultural produce, which increased from ₹50 lakh to ₹75 lakh."
"RBI_Master_Circular_PSL_2015.pdf","RBI_Master_Direction_PSL_2025.pdf","numerical_discrepancy","critical","The priority sector lending targets for Primary (Urban) Co-operative Banks (UCBs) is fixed at 40 percent of Adjusted Net Bank Credit (ANBC).","The priority sector lending targets for UCBs shall be as follows: Total Priority Sector at 60% of ANBC or CEOBSE, whichever is higher.","Chapter II - Targets/Sub-targets - UCB total PSL","Chapter II - Targets/Sub-targets for Priority sector - UCB total PSL","true","Direct numerical mismatch. The mandatory total priority sector lending target for UCBs was significantly elevated from 40% in 2015 to 60% in 2025."
"RBI_Master_Circular_PSL_2015.pdf","RBI_Master_Direction_PSL_2025.pdf","numerical_discrepancy","moderate","Bank loans up to a limit of ₹ 15 crore to borrowers for purposes like solar based power generators, biomass based power generators, wind mills, micro-hydel plants and for non-conventional energy based public utilities.","Bank loans up to a limit of ₹ 30 crore to borrowers for purposes like solar based power generators, biomass based power generators, wind mills, micro-hydel plants and for non-conventional energy based public utilities.","Chapter III - Renewable Energy","Chapter II - Renewable Energy","true","Numerical discrepancy in the priority sector limit for corporate renewable energy projects, doubling from ₹15 crore in 2015 to ₹30 crore in 2025."
"RBI_Master_Circular_PSL_2015.pdf","RBI_Master_Direction_PSL_2025.pdf","policy_conflict","critical","Enterprises without a valid registration or tax documentation (such as PAN or VAT/Service Tax) cannot be formally classified under MSME for priority sector lending benefits.","The certificate issued on Udyam Assist Platform (UAP) to Informal Micro Enterprises (IMEs) is treated at par with URC for the purpose of availing PSL benefits, even without PAN or GSTIN.","Chapter III - MSME Guidelines","Chapter II - Micro, Small and Medium Enterprises (MSMEs)","true","Rule scope conflict. The 2025 update allows Informal Micro Enterprises (IMEs) without standard tax IDs to qualify for PSL via the Udyam Assist Platform, overriding the stricter formal requirements of 2015."
"RBI_Master_Circular_PSL_2015.pdf","RBI_Master_Direction_PSL_2025.pdf","stale_reference","moderate","For the year 2015-16, the shortfall in achieving priority sector target/sub-targets will be assessed based on the position as on March 31, 2016.","The priority sector non-achievement will be assessed on a quarterly average basis at the end of the respective financial year.","Chapter II - Shortfall Assessment","Chapter I - Preliminary","true","Conflict in assessment methodology. The 2015 framework allowed for end-of-year absolute assessment initially, whereas the 2025 framework mandates a quarterly average assessment for calculating shortfall."
"RBI_Master_Circular_PSL_2015.pdf","RBI_Master_Direction_PSL_2025.pdf","policy_conflict","moderate","The distinction between direct and indirect agriculture is dispensed with, and all agricultural loans will be classified uniformly under Agriculture.","Agriculture sector lending will be divided into three sub-categories: Farm credit, Agriculture infrastructure and Ancillary activities, each with specific eligibility criteria.","Chapter III - Agriculture","Chapter II - Categories under Priority Sector","true","Structural conflict in categorization. While 2015 removed the direct/indirect distinction, 2025 explicitly subdivides agriculture into three distinct sub-categories for tracking and limits."
"RBI_Master_Circular_PSL_2015.pdf","RBI_Master_Direction_PSL_2025.pdf","stale_reference","moderate","Credit Equivalent Amount of Off-Balance Sheet Exposure (CEOBSE) is calculated based on the current exposure method as per the extant capital adequacy guidelines.","For the purpose of calculation of Credit Equivalent of Off-Balance Sheet Exposures (CEOBSE), banks shall be guided by the circular on ‘Large Exposures Framework’ issued by Department of Regulation, RBI vide DBR.No.BP.BC.43/21.01.003/2018-19.","Chapter II - Computation of ANBC","Chapter II - Computation of Adjusted Net Bank Credit","true","Stale reference conflict. The foundational basis for computing CEOBSE changed from standard capital adequacy instructions in 2015 to the specific 2018 'Large Exposures Framework' mapped in 2025."
"RBI_Master_Circular_PSL_2015.pdf","RBI_Master_Direction_PSL_2025.pdf","numerical_discrepancy","critical","Loans to corporate farmers, farmers' producer organizations/companies of individual farmers, partnership firms and co-operatives of farmers directly engaged in Agriculture and Allied Activities up to an aggregate limit of ₹ 2 crore.","Loans to corporate farmers, farmers' producer organizations/companies of individual farmers, partnership firms and co-operatives of farmers directly engaged in Agriculture and Allied Activities up to an aggregate limit of ₹ 5 crore.","Chapter III - Agriculture - Corporate farmers and FPOs","Chapter II - Agriculture - Corporate farmers and FPOs","true","Direct mathematical mismatch in the limit allowed for corporate farmers and FPOs to qualify under PSL, rising from ₹2 crore to ₹5 crore."
"RBI_Master_Circular_PSL_2015.pdf","RBI_Master_Direction_PSL_2025.pdf","numerical_discrepancy","critical","A target of 10 percent of ANBC or Credit Equivalent Amount of Off-Balance Sheet Exposure, whichever is higher, is mandated for Advances to Weaker Sections across all banks.","The Advances to Weaker Sections target for Primary (Urban) Co-operative Banks (UCBs) is prescribed at 12% of ANBC or CEOBSE, whichever is higher.","Chapter II - Targets/Sub-targets - Weaker Sections","Chapter II - Targets/Sub-targets for Priority sector - Weaker Sections","true","Numerical discrepancy in the Weaker Sections sub-target for UCBs, which was increased to 12% in the 2025 regulations from the blanket 10% standard in 2015."
"RBI_Master_Circular_PSL_2015.pdf","RBI_Master_Direction_PSL_2025.pdf","policy_conflict","critical","Banks cannot trade priority sector obligations; any shortfall in achievement must be deposited into the Rural Infrastructure Development Fund (RIDF) or other specified funds.","Banks can buy and sell Priority Sector Lending Certificates (PSLCs) through the Core Banking Solution (e-Kuber) portal to meet their priority sector lending targets.","Chapter II - Non-achievement of targets","Chapter III - Computation of Adjusted Net Bank Credit","true","Direct policy conflict. The 2025 circular permits the active trading of Priority Sector Lending Certificates (PSLCs) to offset shortfalls, a mechanism that was not recognized in the 2015 directive."
"RBI_Master_Circular_PSL_2015.pdf","RBI_Master_Direction_PSL_2025.pdf","stale_reference","moderate","Investments by banks in securitised assets, representing loans to various categories of priority sector, except 'others' category, are eligible for classification under respective categories of priority sector.","The assets are originated by banks and financial institutions and are eligible to be classified as priority sector advances prior to securitisation and must fulfil the RBI guidelines on 'Securitisation of Standard Assets' issued vide Master Directions DOR.STR.REC.53/21.04.","Chapter IV - Investments by banks in securitised assets","Chapter II - Securitisation","true","Stale reference. While both allow securitised assets, the 2025 text mandates strict compliance with the newly introduced Master Directions DOR.STR.REC.53/21.04, replacing the older generic conditions."
"RBI_Master_Circular_PSL_2015.pdf","RBI_Master_Direction_PSL_2025.pdf","policy_conflict","critical","Small Finance Banks are not distinctively categorized for priority sector targets and shall follow the standard scheduled commercial bank limits.","Small Finance Banks have a mandated Total Priority Sector target of 75 per cent of ANBC or CEOBSE, whichever is higher.","Chapter II - Targets /Sub-targets","Chapter II - Targets/Sub-targets for Priority sector","true","Regulatory scope conflict. The 2015 framework did not have a dedicated 75% PSL target bracket for Small Finance Banks, whereas the 2025 directive expressly isolates them with this much higher target."
"RBI_Master_Circular_PSL_2015.pdf","RBI_Master_Direction_PSL_2025.pdf","numerical_discrepancy","critical","The limit for collateral-free agricultural loans is maintained at ₹ 1 lakh per borrower.","The limit for collateral-free short-term agricultural loans, including loans for allied activities, has been raised from ₹ 1.60 lakh to ₹ 2.00 lakh per borrower.","Chapter III - Agriculture - Collateral-free loans","Chapter II - Agriculture - Collateral-free loans","true","Numerical mismatch in the cap for collateral-free agriculture loans, jumping from ₹1 lakh in 2015 to a revised limit of ₹2 lakh in 2025."
"RBI_Master_Circular_PSL_2015.pdf","RBI_Master_Direction_PSL_2025.pdf","numerical_discrepancy","moderate","Education loans to individuals for educational purposes including vocational courses up to ₹ 10 lakh irrespective of the sanctioned amount will be considered as eligible for priority sector.","Loans to individuals for educational purposes including vocational courses up to ₹ 20 lakh irrespective of the sanctioned amount will be considered as eligible for priority sector.","Chapter III - Education","Chapter II - Education","true","Numerical mismatch in the cap for Education loans under PSL, increasing from ₹10 lakh in 2015 to ₹20 lakh in 2025."
"RBI_Master_Circular_PSL_2015.pdf","RBI_Master_Direction_PSL_2025.pdf","stale_reference","critical","Advances extended in India against the incremental FCNR (B)/NRE deposits, qualifying for exemption from CRR/SLR requirements, as per the Reserve Bank’s circulars DBOD.No.Ret.BC.36/12.01.001/ 2013-14 dated August 14, 2013.","The incremental advances extended out of the resources generated from the eligible incremental FCNR(B)/NRE deposits is calculated as the difference between outstanding advances in India as on March 7, 2014, and the current outstanding.","Chapter II - Computation of Adjusted Net Bank Credit","Chapter I - Preliminary (Item V)","true","Calculation methodology conflict. The 2025 framework introduces a strict cutoff date (March 7, 2014) to calculate the difference for FCNR(B)/NRE deposit exemptions, replacing the broader 2015 reference."
"RBI_Master_Circular_PSL_2015.pdf","RBI_Master_Direction_PSL_2025.pdf","","","Banks should not deduct / net any amount like provisions, accrued interest, etc. from NBC.","provisions, accrued interest, etc. from NBC. [Banks shall not deduct]","Chapter II - Computation of ANBC","Chapter I - Computation of Adjusted Net Bank Credit","false","Both circulars explicitly prohibit banks from deducting provisions or accrued interest from the Net Bank Credit (NBC) when calculating priority sector targets."
"RBI_Master_Circular_PSL_2015.pdf","RBI_Master_Direction_PSL_2025.pdf","","","Investments by banks in securitised assets, representing loans to various categories of priority sector, except 'others' category, are eligible for classification under respective categories of priority sector depending on the underlying assets.","Investments or any other items which are treated as eligible for classification under priority sector target/sub-target achievement, shall also form part of Adjusted Net Bank Credit.","Chapter IV - Investments by banks in securitised assets","Chapter II - Computation of Adjusted Net Bank Credit","false","Both frameworks agree that investments in eligible securitised assets can be classified under priority sector and included in the Adjusted Net Bank Credit."
"RBI_Master_Circular_PSL_2015.pdf","RBI_Master_Direction_PSL_2025.pdf","","","No loan related and adhoc service charges/inspection charges should be levied on priority sector loans up to ₹ 25,000.","No loan related and adhoc service charges/inspection charges should be levied on priority sector loans up to ₹ 25,000.","Chapter V - Common guidelines - Service charges","Chapter X - Common guidelines - Service charges","false","Both documents maintain the exact same consumer protection rule preventing banks from levying service or inspection charges on small priority sector loans up to ₹ 25,000."
"RBI_Master_Circular_PSL_2015.pdf","RBI_Master_Direction_PSL_2025.pdf","","","Banks should provide acknowledgement for loan applications received under priority sector loans.","Banks should provide acknowledgement for loan applications received under priority sector loans.","Chapter V - Common guidelines - Acknowledgement","Chapter X - Common guidelines - Acknowledgement","false","Both circulars mandate that banks must formally acknowledge the receipt of priority sector loan applications."
"RBI_Master_Circular_PSL_2015.pdf","RBI_Master_Direction_PSL_2025.pdf","","","A register/ electronic record should be maintained by the bank, wherein the date of receipt, sanction/rejection/disbursement with reasons thereof, etc., should be recorded. The register/electronic record should be made available to all inspecting agencies.","A register/electronic record should be maintained by the bank, wherein the date of receipt, sanction/rejection/disbursement with reasons thereof, etc., should be recorded and made available to inspecting agencies.","Chapter V - Common guidelines - Application register","Chapter X - Common guidelines - Application register","false","Both documents require the maintenance of a rigorous physical or electronic register to track the lifecycle of priority sector loan applications for inspection purposes."
"RBI_Master_Circular_PSL_2015.pdf","RBI_Master_Direction_PSL_2025.pdf","","","The targets and sub-targets set under priority sector lending... are to be computed on the basis of the ANBC or Credit Equivalent Amount of Off-Balance Sheet Exposure, whichever is higher.","The targets and sub-targets set under priority sector lending, to be computed on the basis of the ANBC/CEOBSE as applicable as on the corresponding date of the preceding year.","Chapter II - Targets /Sub-targets","Chapter II - Targets/Sub-targets for Priority sector","false","Both regulations base the priority sector target calculations on whichever is higher between Adjusted Net Bank Credit (ANBC) or Credit Equivalent Amount of Off-Balance Sheet Exposure (CEOBSE)."
"RBI_Master_Circular_PSL_2015.pdf","RBI_Master_Direction_PSL_2025.pdf","","","Banks should ensure that loans extended under priority sector are for approved purposes and the end use is continuously monitored.","Banks should ensure that loans extended under priority sector are for approved purposes and the end use is continuously monitored.","Chapter V - Common guidelines - End-use monitoring","Chapter X - Common guidelines - End-use monitoring","false","Both circulars enforce the strict requirement that banks must actively monitor the end-use of funds disbursed under priority sector lending."
"RBI_Master_Circular_PSL_2015.pdf","RBI_Master_Direction_PSL_2025.pdf","","","Housing loans to banks’ own employees will not be eligible for classification under the priority sector.","Housing loans to banks’ own employees will not be eligible for classification under the priority sector.","Chapter III - Housing - Employee loans","Chapter II - Housing - Employee loans","false","Both documents explicitly exclude housing loans granted to a bank's own staff from being counted towards priority sector lending targets."
"RBI_Master_Circular_PSL_2015.pdf","RBI_Master_Direction_PSL_2025.pdf","","","Housing loans which are backed by long term bonds shall not be classified under priority sector, as they are exempted from inclusion in ANBC.","Housing loans which are backed by long term bonds shall not be classified under priority sector, as they are exempted from inclusion in ANBC.","Chapter III - Housing - Long-term bond backed loans","Chapter II - Housing - Long-term bond backed loans","false","Both texts agree that housing loans funded by long-term bonds are carved out of ANBC and thus cannot be double-counted as priority sector achievements."
"RBI_Master_Circular_PSL_2015.pdf","RBI_Master_Direction_PSL_2025.pdf","","","Non-achievement of priority sector targets and sub-targets will be taken into account while granting regulatory clearances/approvals for various purposes.","Non-achievement of priority sector targets and sub-targets will be taken into account while granting regulatory clearances/approvals for various purposes.","Chapter II - Non-achievement of targets","Chapter VIII - Non-achievement of priority sector targets","false","Both circulars threaten regulatory penalties, noting that failure to meet PSL targets will negatively impact a bank's ability to secure RBI regulatory clearances and approvals."
"SEBI_Large_Corporates_Borrowing_Framework.pdf","RBI_NBFC_CIC_Scale_Based_Regulation.pdf","numerical_discrepancy","critical","A Large Corporate (LC) is defined as a listed entity with outstanding long-term borrowings of Rs 100 crore or above.","A Core Investment Company (CIC) is subject to Scale Based Regulation if its asset size is Rs 100 crore and above, irrespective of borrowing levels.","Applicability - Para 1.1","Chapter 2 - Applicability","true","Numerical and scope mismatch for regulatory trigger. SEBI relies on borrowing threshold (Rs 100 cr), while RBI relies on asset size threshold (Rs 100 cr)."
"SEBI_Large_Corporates_Borrowing_Framework.pdf","RBI_NBFC_CIC_Scale_Based_Regulation.pdf","policy_conflict","critical","LCs shall mandate raising a minimum of 25% of their incremental borrowings during the financial year through the issuance of debt securities.","CICs shall ensure that outside liabilities do not exceed 2.5 times of their Adjusted Net Worth and are heavily restricted from issuing public debt.","Chapter II - Borrowing Requirements","Chapter 4 - Leverage Ratio","true","Direct policy conflict for a CIC that qualifies as an LC. SEBI mandates 25% market borrowing, whereas RBI restricts CICs from certain public debt issuances and limits leverage."
"SEBI_Large_Corporates_Borrowing_Framework.pdf","RBI_NBFC_CIC_Scale_Based_Regulation.pdf","stale_reference","moderate","The framework applies to all listed entities excluding Scheduled Commercial Banks.","The Scale Based Regulation framework applies to all NBFCs including CICs, categorized into Base, Middle, Upper, and Top Layers.","Scope and Applicability","Chapter 1 - Categorization","true","Scope conflict. SEBI excludes SCBs but includes NBFCs/CICs automatically if listed, while RBI applies layered regulations regardless of listing status."
"SEBI_Large_Corporates_Borrowing_Framework.pdf","RBI_NBFC_CIC_Scale_Based_Regulation.pdf","numerical_discrepancy","critical","Outstanding long-term borrowings shall mean any outstanding borrowing with an original maturity of more than 1 year.","Outside liabilities mean all forms of borrowings, including short-term and long-term debt, regardless of maturity.","Definitions - Para 2(b)","Chapter 3 - Definitions","true","Definitional mismatch on what constitutes borrowing/liabilities. SEBI excludes short-term debt (<1 year) for the LC threshold, while RBI includes all outside liabilities."
"SEBI_Large_Corporates_Borrowing_Framework.pdf","RBI_NBFC_CIC_Scale_Based_Regulation.pdf","policy_conflict","moderate","Details of incremental borrowings shall be disclosed to the stock exchanges within 45 days of the end of the financial year.","CICs must submit their annual financial returns and leverage details to the Reserve Bank within 15 days from the date of finalization of the balance sheet.","Disclosure Requirements - Para 4.1","Chapter 6 - Reporting Requirements","true","Reporting timeline conflict. SEBI requires exchange disclosure within 45 days of FY end, whereas RBI mandates submission within 15 days of balance sheet finalization."
"SEBI_Large_Corporates_Borrowing_Framework.pdf","RBI_NBFC_CIC_Scale_Based_Regulation.pdf","numerical_discrepancy","critical","In case of a shortfall in the requisite borrowing through debt securities, a penalty of 0.2% of the shortfall shall be levied.","Regulatory penalties for non-compliance with leverage and investment norms for CICs shall be determined purely by the RBI Adjudication Committee without a fixed percentage.","Penalties - Para 5.2","Chapter 8 - Supervisory Penalties","true","Penalty structure mismatch. SEBI prescribes a fixed 0.2% financial penalty for borrowing shortfalls, while RBI utilizes discretionary supervisory penalties."
"SEBI_Large_Corporates_Borrowing_Framework.pdf","RBI_NBFC_CIC_Scale_Based_Regulation.pdf","policy_conflict","critical","The framework is applicable to entities having a credit rating of AA and above.","The SBR framework categorization does not depend on credit ratings, but purely on asset size, group structure, and systemic importance.","Applicability - Para 1.2","Chapter 1 - Base Layer and Middle Layer Criteria","true","Trigger mismatch. SEBI uses AA credit rating as a strict gate for LC classification, whereas RBI explicitly ignores credit ratings for SBR layer placement."
"SEBI_Large_Corporates_Borrowing_Framework.pdf","RBI_NBFC_CIC_Scale_Based_Regulation.pdf","numerical_discrepancy","moderate","The compliance regarding the 25% borrowing requirement shall be tested over a contiguous block of three years.","Compliance with Adjusted Net Worth and Leverage requirements must be maintained continuously and reported on an annual basis.","Borrowing Block - Para 3.1","Chapter 5 - Continuous Compliance","true","Measurement frequency mismatch. SEBI allows a 3-year block to smooth out borrowing compliance, whereas RBI requires continuous and strict annual compliance."
"SEBI_Large_Corporates_Borrowing_Framework.pdf","RBI_NBFC_CIC_Scale_Based_Regulation.pdf","policy_conflict","critical","'Incremental borrowings' shall exclude any borrowings from parent entities or related parties.","'Outside liabilities' strictly include borrowings from group companies, parent entities, and related party debt.","Definitions - Para 2(c)","Chapter 3 - Liabilities Definition","true","Direct conflict in liability calculation. SEBI excludes related-party debt from LC borrowing obligations, while RBI specifically includes it in CIC leverage ratios."
"SEBI_Large_Corporates_Borrowing_Framework.pdf","RBI_NBFC_CIC_Scale_Based_Regulation.pdf","numerical_discrepancy","critical","The mandatory borrowing requirement applies to incremental borrowings raised during the FY exceeding Rs 50 crore.","All borrowings, regardless of the incremental amount raised during the FY, are subject to the 2.5x leverage ceiling.","Chapter II - Minimum Borrowing","Chapter 4 - Leverage Thresholds","true","Threshold mismatch. SEBI ignores incremental borrowing under Rs 50 cr, whereas RBI caps all borrowings regardless of the incremental quantum."
"SEBI_Large_Corporates_Borrowing_Framework.pdf","RBI_NBFC_CIC_Scale_Based_Regulation.pdf","policy_conflict","moderate","Disclosure must be certified jointly by the Company Secretary and the Chief Financial Officer (CFO).","Regulatory returns to the RBI must be signed exclusively by the Managing Director or the Chief Executive Officer.","Annexure A - Disclosures","Chapter 6 - Authorized Signatories","true","Signatory mismatch for compliance reporting. SEBI requires CS and CFO joint certification, whereas RBI strictly requires MD/CEO signature."
"SEBI_Large_Corporates_Borrowing_Framework.pdf","RBI_NBFC_CIC_Scale_Based_Regulation.pdf","policy_conflict","critical","Funds raised through debt securities under this framework can be deployed for any general corporate purpose including onward lending.","CICs are strictly prohibited from engaging in any other financial activity other than investment in group companies and cannot do general onward lending.","Chapter III - End Use of Funds","Chapter 2 - Permitted Activities","true","End-use conflict. SEBI permits funds raised to be used for general lending, while RBI restricts CICs entirely to group company investments."
"SEBI_Large_Corporates_Borrowing_Framework.pdf","RBI_NBFC_CIC_Scale_Based_Regulation.pdf","stale_reference","moderate","Listed entities shall use the standard definition of 'Net Worth' as per Section 2(57) of the Companies Act, 2013.","CICs shall use 'Adjusted Net Worth' (ANW) which includes unrealized appreciation in book value of investments up to 50%.","Definitions - Net Worth","Chapter 3 - Adjusted Net Worth","true","Accounting conflict. SEBI relies on the standard Companies Act Net Worth, whereas RBI dictates a specialized 'Adjusted Net Worth' formula for CICs."
"SEBI_Large_Corporates_Borrowing_Framework.pdf","RBI_NBFC_CIC_Scale_Based_Regulation.pdf","numerical_discrepancy","critical","The stock exchanges shall collect the penalty amount directly from the listed entity for the Investor Protection Fund.","Any penalty levied on the NBFC-CIC shall be deposited directly into the designated Reserve Bank of India penalty account.","Penalties - Para 5.3","Chapter 8 - Remittance of Penalty","true","Jurisdictional conflict over penalty collection. SEBI routes fines to the exchange's IPF, while RBI routes fines to its own designated accounts."
"SEBI_Large_Corporates_Borrowing_Framework.pdf","RBI_NBFC_CIC_Scale_Based_Regulation.pdf","policy_conflict","moderate","The framework shall not apply to entities that are in the process of resolving stressed assets under the IBC.","CICs undergoing restructuring or IBC proceedings remain fully subject to SBR reporting and compliance unless specifically exempted by RBI.","Exemptions - Para 6.1","Chapter 9 - Exemptions","true","Applicability conflict during distress. SEBI automatically exempts IBC companies, while RBI maintains standard regulatory applicability."
"SEBI_Large_Corporates_Borrowing_Framework.pdf","RBI_NBFC_CIC_Scale_Based_Regulation.pdf","numerical_discrepancy","critical","Entities must obtain a fresh credit rating for any incremental debt securities issued under this mandate.","CICs are not mandated to obtain external credit ratings for their standard inter-group liabilities.","Chapter II - Ratings Requirement","Chapter 4 - Rating Exemptions","true","Operational mismatch. SEBI requires fresh ratings for LC debt issuances, while RBI does not require external ratings for CIC group funding."
"SEBI_Large_Corporates_Borrowing_Framework.pdf","RBI_NBFC_CIC_Scale_Based_Regulation.pdf","policy_conflict","critical","The framework considers Non-Convertible Debentures (NCDs) as the primary instrument for fulfilling the 25% mandate.","Issuance of NCDs by CICs requires explicit prior approval from the RBI if it exceeds 10% of their Net Owned Fund.","Instruments - Para 3.2","Chapter 4 - Debt Instruments","true","Instrument viability conflict. SEBI pushes NCDs as the primary compliance tool, while RBI heavily restricts and requires prior approval for CIC NCD issuances."
"SEBI_Large_Corporates_Borrowing_Framework.pdf","RBI_NBFC_CIC_Scale_Based_Regulation.pdf","numerical_discrepancy","moderate","Reporting of borrowing blocks shall align with the standard Financial Year (April 1 to March 31).","For certain regulatory ratios, CICs may be required to align reporting based on the calendar year if foreign parents are involved.","Reporting - Para 4.2","Chapter 6 - Financial Year","true","Timeline discrepancy. SEBI strictly enforces the April-March FY, while RBI SBR allows calendar year reporting flexibility for foreign-owned entities."
"SEBI_Large_Corporates_Borrowing_Framework.pdf","RBI_NBFC_CIC_Scale_Based_Regulation.pdf","policy_conflict","critical","In case of mergers, the borrowing requirement of the resultant entity will be recalculated from the date of the merger.","In case of restructuring or mergers involving a CIC, the historical leverage limits and layer classification remain intact for the financial year.","Corporate Actions - Para 7.1","Chapter 7 - Mergers and Amalgamations","true","Treatment of corporate actions mismatch. SEBI resets the borrowing block on merger, while RBI carries over the historical classification and limits."
"SEBI_Large_Corporates_Borrowing_Framework.pdf","RBI_NBFC_CIC_Scale_Based_Regulation.pdf","policy_conflict","critical","External Commercial Borrowings (ECBs) are explicitly excluded from the calculation of incremental borrowings.","ECBs are strictly included in the calculation of Outside Liabilities for the purpose of the 2.5x leverage ratio.","Definitions - ECBs","Chapter 3 - Liability Components","true","Calculation conflict regarding ECBs. SEBI excludes them from the LC threshold/mandate, while RBI counts them fully against the CIC leverage cap."
"SEBI_Large_Corporates_Borrowing_Framework.pdf","RBI_NBFC_CIC_Scale_Based_Regulation.pdf","stale_reference","moderate","A 'Group' shall be determined as per the definitions laid out in the SEBI (Listing Obligations and Disclosure Requirements) Regulations, 2015.","'Group companies' shall mean an arrangement involving two or more entities related to each other through the definition provided in the RBI Act, 1934.","Definitions - Group","Chapter 3 - Group Companies","true","Definitional conflict. SEBI utilizes LODR definitions for group entities, whereas RBI strictly uses the statutory RBI Act definition."
"SEBI_Large_Corporates_Borrowing_Framework.pdf","RBI_NBFC_CIC_Scale_Based_Regulation.pdf","numerical_discrepancy","critical","Board size for Large Corporates must have a minimum of 6 directors to ensure proper governance over debt raising.","CICs in the Middle and Upper layers must have a minimum of 3 directors on their Board.","Corporate Governance - Para 8","Chapter 5 - Corporate Governance","true","Governance mismatch. SEBI requires at least 6 directors for LCs, whereas RBI SBR requires only a minimum of 3 directors."
"SEBI_Large_Corporates_Borrowing_Framework.pdf","RBI_NBFC_CIC_Scale_Based_Regulation.pdf","policy_conflict","moderate","The Risk Management Committee must meet at least twice a year to review borrowing compliance.","The Risk Management Committee of NBFCs in the Upper Layer must meet at least quarterly.","Committees - Para 8.2","Chapter 5 - Committees of the Board","true","Meeting frequency mismatch. SEBI sets a biannual baseline for RMC meetings, while RBI mandates quarterly meetings for higher-layer NBFCs."
"SEBI_Large_Corporates_Borrowing_Framework.pdf","RBI_NBFC_CIC_Scale_Based_Regulation.pdf","policy_conflict","critical","A Large Corporate cannot place debt securities privately with its own promoter group to fulfill the 25% criteria.","CICs are encouraged to raise funds through private placement primarily from group companies and promoters to limit public risk.","Issuance Guidelines - Para 3.4","Chapter 4 - Funding Avenues","true","Funding source conflict. SEBI explicitly bans using promoter debt to meet the LC mandate, while RBI prefers CICs to fund exclusively via promoters/group."
"SEBI_Large_Corporates_Borrowing_Framework.pdf","RBI_NBFC_CIC_Scale_Based_Regulation.pdf","numerical_discrepancy","critical","Statutory Auditors must certify the initial disclosure regarding LC status within 30 days of the FY start.","Statutory Auditors must submit their certificate regarding the CIC's compliance with asset and income patterns within 60 days of the FY end.","Audit - Para 9.1","Chapter 6 - Statutory Audit","true","Audit timeline mismatch. SEBI requires an upfront auditor certification (30 days from FY start), while RBI requires an end-of-year certification (60 days from FY end)."
"SEBI_Large_Corporates_Borrowing_Framework.pdf","RBI_NBFC_CIC_Scale_Based_Regulation.pdf","policy_conflict","moderate","Any relaxation from the borrowing framework requirements must be sought from the SEBI Corporation Finance Department.","Any exemptions from Scale Based Regulation norms must be approved by the Department of Regulation, RBI.","Exemptions - Para 10","Chapter 9 - Regulatory Exemptions","true","Jurisdictional conflict for relief. A dual-regulated CIC/LC must apply to entirely different regulatory bodies for operational exemptions."
"SEBI_Large_Corporates_Borrowing_Framework.pdf","RBI_NBFC_CIC_Scale_Based_Regulation.pdf","numerical_discrepancy","critical","A maximum of 5% of the total borrowing can be raised via short-term commercial paper if the LC mandate is met.","CICs are permitted to issue Commercial Paper up to 100% of their net worth subject to RBI guidelines.","Instruments - Para 3.5","Chapter 4 - Short Term Debt","true","Instrument cap mismatch. SEBI caps CP usage relative to total borrowing for LCs, whereas RBI permits CICs high flexibility with CP based on net worth."
"SEBI_Large_Corporates_Borrowing_Framework.pdf","RBI_NBFC_CIC_Scale_Based_Regulation.pdf","policy_conflict","critical","Listed entities must maintain a public website displaying their LC status and borrowing block calculations.","Unlisted CICs, even if part of a listed group, are not required to maintain a public website for regulatory disclosures.","Disclosure - Para 4.4","Chapter 6 - Public Disclosure","true","Disclosure medium conflict. SEBI mandates public website disclosure for LC metrics, while RBI does not require a public website for standard CIC reporting."
"SEBI_Large_Corporates_Borrowing_Framework.pdf","RBI_NBFC_CIC_Scale_Based_Regulation.pdf","numerical_discrepancy","moderate","The framework mandates that at least 50% of the independent directors must approve the annual LC borrowing plan.","All funding plans and leverage strategies of a CIC must be approved by a unanimous vote of the Board of Directors.","Governance - Para 8.4","Chapter 5 - Board Approvals","true","Voting threshold mismatch. SEBI requires a 50% ID majority for borrowing plans, while RBI strictly requires unanimous Board approval."
"SEBI_Large_Corporates_Borrowing_Framework.pdf","RBI_NBFC_CIC_Scale_Based_Regulation.pdf","policy_conflict","critical","In the event of default on debt securities, the LC classification is temporarily suspended for a period of one year.","In the event of default on any liability, a CIC is immediately reclassified into the Top Layer for enhanced supervisory intervention.","Default Protocol - Para 11","Chapter 1 - Supervisory Action","true","Consequence of default mismatch. SEBI suspends the LC mandate during default, whereas RBI aggressively elevates the regulatory burden by moving the entity to the Top Layer."
"SEBI_Large_Corporates_Borrowing_Framework.pdf","RBI_NBFC_CIC_Scale_Based_Regulation.pdf","","","The Board of Directors must formulate a comprehensive policy regarding the borrowing strategy and risk management.","The Board of Directors of the NBFC shall frame a Board approved policy for resource planning and risk mitigation.","Corporate Governance - Para 8.1","Chapter 5 - Board Policies","false","Both frameworks align on the core requirement that the Board of Directors must establish policies for borrowing/resource planning and risk management."
"SEBI_Large_Corporates_Borrowing_Framework.pdf","RBI_NBFC_CIC_Scale_Based_Regulation.pdf","","","Entities must appoint a designated Compliance Officer responsible for ensuring adherence to the borrowing requirements.","Every NBFC must designate a senior management executive as the Chief Compliance Officer to oversee regulatory adherence.","Compliance - Para 9.2","Chapter 5 - Compliance Function","false","Both regulators strictly require the appointment of a dedicated Compliance Officer/CCO to monitor regulatory adherence."
"SEBI_Large_Corporates_Borrowing_Framework.pdf","RBI_NBFC_CIC_Scale_Based_Regulation.pdf","","","The entity shall not use the proceeds of the borrowing for any activities strictly prohibited by law or for speculative equity trading.","CICs shall not deploy their funds in speculative activities, trading in real estate, or any prohibited non-financial activities.","End Use - Para 3.3","Chapter 2 - Restrictions","false","Both frameworks expressly prohibit the deployment of raised funds/resources into speculative or legally prohibited activities."
"SEBI_Large_Corporates_Borrowing_Framework.pdf","RBI_NBFC_CIC_Scale_Based_Regulation.pdf","","","All records pertaining to the issuance of debt securities and board resolutions must be preserved for a minimum of eight years.","NBFCs shall preserve records of all board approvals, liabilities, and statutory filings for a period not less than eight years.","Record Keeping - Para 12","Chapter 6 - Preservation of Records","false","Both SEBI and RBI align on the standard 8-year record preservation requirement for board decisions and financial filings."
"SEBI_Large_Corporates_Borrowing_Framework.pdf","RBI_NBFC_CIC_Scale_Based_Regulation.pdf","","","Any change in the Chief Financial Officer must be reported to the stock exchanges within 24 hours.","Changes in Key Managerial Personnel (including the CFO) must be intimated to the Reserve Bank within the stipulated timeline.","Disclosures - Para 4.5","Chapter 6 - Event Based Reporting","false","Both regulatory bodies require mandatory and timely reporting when there is a change in Key Managerial Personnel like the CFO."
"SEBI_Large_Corporates_Borrowing_Framework.pdf","RBI_NBFC_CIC_Scale_Based_Regulation.pdf","","","The Statutory Auditor of the entity shall be subject to rotation as per the provisions of the Companies Act, 2013.","NBFCs shall enforce the rotation of statutory auditors in strict alignment with the timelines prescribed under the Companies Act, 2013.","Audit - Para 9.3","Chapter 6 - Auditor Rotation","false","Both frameworks defer to and enforce the auditor rotation rules exactly as defined in the Companies Act, 2013."
"SEBI_Large_Corporates_Borrowing_Framework.pdf","RBI_NBFC_CIC_Scale_Based_Regulation.pdf","","","Entities must maintain adequate internal controls and systems to monitor the utilization of borrowed funds.","The Board shall ensure that a robust Internal Capital Adequacy Assessment Process and internal control system is in place.","Governance - Para 8.5","Chapter 5 - Internal Controls","false","Both documents mandate the establishment of robust internal controls and systems to monitor resources and compliance."
"SEBI_Large_Corporates_Borrowing_Framework.pdf","RBI_NBFC_CIC_Scale_Based_Regulation.pdf","","","Material events, including defaults or credit rating downgrades, must be disclosed immediately to avoid market asymmetry.","Any material adverse event, such as a downgrade in credit rating or default, must be reported to the regulator without delay.","Disclosures - Para 4.6","Chapter 6 - Material Events","false","Both SEBI and RBI emphasize the immediate reporting/disclosure of material adverse events like defaults or rating downgrades."
"SEBI_Large_Corporates_Borrowing_Framework.pdf","RBI_NBFC_CIC_Scale_Based_Regulation.pdf","","","The framework promotes transparency and accountability in the debt markets and corporate balance sheets.","The Scale Based Regulation is designed to enhance transparency, governance, and systemic stability in the NBFC sector.","Preamble","Chapter 1 - Objective","false","Both documents share a unified overarching objective of promoting transparency, accountability, and stability in corporate operations."
"SEBI_Large_Corporates_Borrowing_Framework.pdf","RBI_NBFC_CIC_Scale_Based_Regulation.pdf","","","Non-compliance with these guidelines may result in regulatory action, financial penalties, or restrictions on future market access.","Failure to comply with the SBR directives will attract penal action under the RBI Act, which may include restrictions on business operations.","Penalties - Para 5.4","Chapter 8 - Enforcement Action","false","Both frameworks establish clear consequences for non-compliance, including penalties and restrictions on future operations."
"SEBI_Insider_Trading_Regulations.pdf","SEC_Form_8K_Current_Report_Rules.pdf","numerical_discrepancy","critical","Continual disclosures of trades by promoters, designated persons, and directors must be made to the company within 2 trading days if the traded value exceeds Rs. 10 Lakhs.","Any changes in beneficial ownership by directors or officers are not reported on Form 8-K, but must be filed separately under Section 16 using Form 4 within 2 business days.","Chapter III - Disclosures of Trading by Insiders","General Instructions - Information to be Included","true","Scope and mechanism mismatch. SEBI integrates insider trade reporting into the primary PIT framework, whereas the SEC excludes standard insider trades from Form 8-K entirely, reserving them for Form 4."
"SEBI_Insider_Trading_Regulations.pdf","SEC_Form_8K_Current_Report_Rules.pdf","numerical_discrepancy","critical","The company shall notify the particulars of such trading to the stock exchange on which the securities are listed within two trading days of receipt of the disclosure.","A Current Report on Form 8-K shall be filed or furnished within four business days after the occurrence of the event specified in the items of this form.","Chapter III - Disclosures - Para 7(2)(b)","General Instructions - B. Events to be Reported","true","Numerical discrepancy in public reporting deadlines. SEBI mandates stock exchange notification within 2 trading days, whereas SEC allows 4 business days for material event filing."
"SEBI_Insider_Trading_Regulations.pdf","SEC_Form_8K_Current_Report_Rules.pdf","policy_conflict","critical","Unpublished Price Sensitive Information (UPSI) shall be handled on a 'need to know' basis and shall not be communicated except for legitimate purposes.","Under Regulation FD, whenever an issuer discloses material nonpublic information to certain enumerated persons, it must make public disclosure of that information promptly via Item 7.01 of Form 8-K.","Chapter II - Restriction on Communication","Item 7.01 - Regulation FD Disclosure","true","Procedural conflict. SEBI permits sharing UPSI internally if recorded for 'legitimate purposes' without immediate public disclosure, whereas SEC Reg FD forces immediate public Form 8-K disclosure if shared with enumerated external parties."
"SEBI_Insider_Trading_Regulations.pdf","SEC_Form_8K_Current_Report_Rules.pdf","policy_conflict","critical","The board of directors shall ensure that a structured digital database is maintained containing the names of such persons with whom UPSI is shared and the nature of the UPSI.","Issuers must maintain disclosure controls and procedures to capture material events for Form 8-K, but there is no specific statutory requirement to maintain a time-stamped digital database of all individuals who receive material nonpublic information.","Chapter II - Regulation 3(5)","General Instructions - Disclosure Controls","true","Scope mismatch on internal tracking. SEBI mandates a strict, time-stamped 'Structured Digital Database' (SDD) for tracking UPSI sharing. SEC has no direct SDD equivalent under Form 8-K rules."
"SEBI_Insider_Trading_Regulations.pdf","SEC_Form_8K_Current_Report_Rules.pdf","policy_conflict","critical","Trading restriction period shall be made applicable from the end of every quarter till 48 hours after the declaration of financial results.","Form 8-K Item 2.02 requires the furnishing of public announcements regarding results of operations, but Form 8-K does not govern or mandate specific insider trading window closures.","Schedule B - Minimum Standards for Trading","Item 2.02 - Results of Operations","true","Regulatory scope mismatch. SEBI uses the PIT regulations to strictly mandate when trading windows must close globally for the company. SEC 8-K only mandates the filing of the financials, leaving blackout periods to internal corporate policy."
"SEBI_Insider_Trading_Regulations.pdf","SEC_Form_8K_Current_Report_Rules.pdf","policy_conflict","moderate","Information filed with the stock exchanges under these regulations is deemed to be generally available information.","Information furnished under Item 2.02 or Item 7.01 of Form 8-K is not deemed 'filed' for purposes of Section 18 of the Exchange Act and is not subject to the liabilities of that section.","Chapter I - Definitions - 2(1)(e)","General Instructions - B.2","true","Legal liability mismatch. SEBI treats all exchange submissions equally as generally available. SEC strictly distinguishes between 'furnished' (no Section 18 liability) and 'filed' information."
"SEBI_Insider_Trading_Regulations.pdf","SEC_Form_8K_Current_Report_Rules.pdf","policy_conflict","critical","A trading plan once approved shall be irrevocable and the insider shall mandatorily have to implement the plan, without being entitled to either deviate from it or execute any trade outside its scope.","While officers may utilize 10b5-1 plans, Form 8-K does not govern the irrevocability of trading plans, and US case law generally permits the good-faith cancellation of a 10b5-1 plan.","Chapter II - Trading Plans - 5(4)","General Instructions","true","Scope and policy conflict. SEBI strictly forbids the cancellation of an approved trading plan. Form 8-K (and broader SEC framework) does not mandate absolute irrevocability of trading plans."
"SEBI_Insider_Trading_Regulations.pdf","SEC_Form_8K_Current_Report_Rules.pdf","numerical_discrepancy","moderate","An informant who submits a Voluntary Information Disclosure Form may be eligible for a reward up to Rupees Ten Crores.","The Form 8-K framework contains no provisions for whistleblower or informant rewards regarding the failure to file material events.","Chapter IIIA - Informant Reward - 7D","General Instructions","true","Numerical and scope mismatch. SEBI integrates a specific Rs 10 Crore informant reward mechanism directly into the PIT framework. SEC handles whistleblower rewards entirely outside the Form 8-K rulebook."
"SEBI_Insider_Trading_Regulations.pdf","SEC_Form_8K_Current_Report_Rules.pdf","policy_conflict","critical","A Compliance Officer shall be designated and shall be responsible for compliance of policies, procedures, maintenance of records, and monitoring adherence to the rules for the preservation of UPSI.","The Form 8-K must be signed by an officer duly authorized by the registrant, typically the Chief Executive Officer or Chief Financial Officer, without mandating a separate statutory 'Compliance Officer' role.","Chapter I - Definitions - 2(1)(c)","Signatures Section","true","Governance mismatch. SEBI requires a dedicated, designated 'Compliance Officer' to administer insider trading codes. SEC 8-K simply requires an 'authorized officer' to sign the filing."
"SEBI_Insider_Trading_Regulations.pdf","SEC_Form_8K_Current_Report_Rules.pdf","policy_conflict","critical","Any contra trade executed by a designated person within a period of six months from the prior transaction shall be rolled back and profits disgorged to the Board (SEBI).","The Form 8-K rules do not contain short-swing profit rules. Disgorgement for trades within six months is governed strictly by Section 16(b), not the Current Report framework.","Schedule B - Clause 10","General Instructions","true","Scope mismatch. SEBI includes the 6-month contra-trade prohibition directly within the Insider Trading regulations. SEC enforces this via Section 16(b), entirely separate from Form 8-K."
"SEBI_Insider_Trading_Regulations.pdf","SEC_Form_8K_Current_Report_Rules.pdf","policy_conflict","moderate","Any amount collected by the company for violations of the code of conduct shall be remitted to the Board for credit to the Investor Protection and Education Fund (IPEF).","The SEC does not direct penalties for late 8-K filings into an Investor Protection Fund administered by the registrant; penalties are levied directly by the SEC to the US Treasury or Fair Fund.","Schedule B - Clause 12","General Instructions","true","Penalty routing mismatch. SEBI requires the company itself to collect fines from its employees for code violations and remit them to SEBI's IPEF. SEC 8-K violations are penalized directly by the regulator."
"SEBI_Insider_Trading_Regulations.pdf","SEC_Form_8K_Current_Report_Rules.pdf","numerical_discrepancy","critical","Material events such as changes in key managerial personnel must be disclosed promptly as they constitute UPSI.","Item 5.02 requires filing an 8-K within 4 business days if a principal executive officer, president, principal financial officer, or principal accounting officer retires, resigns, or is terminated.","Chapter II - Regulation 2(1)(n)","Item 5.02 - Departure of Directors or Officers","true","Timeline discrepancy for personnel changes. SEBI requires prompt disclosure to cure UPSI status, while SEC explicitly grants a 4-business-day window for C-suite departures."
"SEBI_Insider_Trading_Regulations.pdf","SEC_Form_8K_Current_Report_Rules.pdf","policy_conflict","critical","The resignation of a statutory auditor does not have a specific disclosure annexure under PIT, but falls under general material information.","Item 4.01 mandates a Form 8-K filing upon the resignation or dismissal of the independent accountant, explicitly requiring disclosure of any disagreements over accounting principles or practices in the prior two years.","General Materiality Clauses","Item 4.01 - Changes in Registrant's Certifying Accountant","true","Reporting depth mismatch. SEC 8-K requires highly specific, granular disclosures regarding disagreements with departing auditors. SEBI PIT broadly captures auditor changes as UPSI without the detailed disagreement framework."
"SEBI_Insider_Trading_Regulations.pdf","SEC_Form_8K_Current_Report_Rules.pdf","policy_conflict","critical","No safe harbor from regulatory action is provided for failing to disclose UPSI or failing to close the trading window.","Failure to file an 8-K for certain items (e.g., 1.01, 1.02, 2.03) shall not be deemed a violation of Section 10(b) and Rule 10b-5, providing a limited safe harbor from anti-fraud liability.","Chapter IV - Penalties","General Instructions - B.4 (Safe Harbor)","true","Liability framework conflict. SEC provides an explicit safe harbor from 10b-5 (anti-fraud/insider trading) liability for failing to file certain 8-K items. SEBI offers no such safe harbor for failing to disclose UPSI."
"SEBI_Insider_Trading_Regulations.pdf","SEC_Form_8K_Current_Report_Rules.pdf","numerical_discrepancy","critical","A major expansion of business or execution of new projects is deemed UPSI regardless of a fixed percentage of total assets.","Item 2.01 requires an 8-K filing for the acquisition or disposition of a significant amount of assets, defined specifically as exceeding 10% of the registrant's total assets.","Chapter I - 2(1)(n)","Item 2.01 - Completion of Acquisition or Disposition","true","Threshold discrepancy. SEC sets a hard 10% asset threshold to trigger an 8-K for asset sales. SEBI PIT treats major asset/project changes as UPSI qualitatively without a hard 10% statutory floor."
"SEBI_Insider_Trading_Regulations.pdf","SEC_Form_8K_Current_Report_Rules.pdf","policy_conflict","moderate","Connected persons include any person who has been associated with the company in any capacity during the six months prior to the concerned act.","Form 8-K obligations regarding related parties and directors are based on current status and Item 404 of Regulation S-K, without a blanket 'six-month lookback' for connected status.","Chapter I - 2(1)(d)","Item 5.02 and Item 1.01","true","Definitional mismatch. SEBI applies a broad 6-month retrospective lookback to classify someone as a 'connected person'. SEC 8-K relies on current executive/director status or specific related-party transaction thresholds."
"SEBI_Insider_Trading_Regulations.pdf","SEC_Form_8K_Current_Report_Rules.pdf","policy_conflict","critical","Off-market inter-se transfers between insiders who are in possession of the same UPSI are permitted as a valid defense against insider trading charges.","Form 8-K provides no defense or exemptions for off-market inter-se transfers between insiders regarding material nonpublic information.","Chapter II - Regulation 4(1)(i)","General Instructions","true","Defense mechanism conflict. SEBI explicitly carves out an exception for insiders trading with each other off-market while holding the same UPSI. SEC/8-K framework does not offer this specific defense."
"SEBI_Insider_Trading_Regulations.pdf","SEC_Form_8K_Current_Report_Rules.pdf","policy_conflict","moderate","Firms must formulate a Code of Fair Disclosure and Conduct to regulate, monitor, and report trading by its designated persons.","Item 5.05 requires an 8-K filing if the registrant amends its code of ethics that applies to its principal executive officer, principal financial officer, or principal accounting officer.","Chapter IV - Codes of Fair Disclosure","Item 5.05 - Amendments to the Registrant's Code of Ethics","true","Scope mismatch. SEBI regulates the creation and enforcement of the trading code itself. SEC 8-K strictly regulates the public disclosure of any amendments or waivers to the pre-existing code of ethics."
"SEBI_Insider_Trading_Regulations.pdf","SEC_Form_8K_Current_Report_Rules.pdf","policy_conflict","critical","If a director resigns, it is material information and must be reported to the exchange as UPSI.","Under Item 5.02(a), if a director resigns due to a disagreement with the registrant on any matter relating to operations, policies, or practices, a detailed summary of the disagreement must be filed.","General Materiality","Item 5.02(a) - Resignation of Director due to Disagreement","true","Reporting depth mismatch. SEBI treats director resignation as standard UPSI. SEC 8-K explicitly forces the public disclosure of the internal disagreement that caused the resignation, going much deeper into corporate governance."
"SEBI_Insider_Trading_Regulations.pdf","SEC_Form_8K_Current_Report_Rules.pdf","numerical_discrepancy","moderate","Financial results must be submitted promptly, and the trading window must remain closed until 48 hours after they become generally available.","Item 2.02 requires furnishing financial results to the SEC within 4 business days of any public announcement or release disclosing material non-public financial information.","Schedule B - Clause 4","Item 2.02 - Results of Operations and Financial Condition","true","Timeline discrepancy. SEBI links financial results to a strict 48-hour post-release trading window ban. SEC 8-K focuses merely on furnishing the release within 4 business days of its public announcement."
"SEBI_Insider_Trading_Regulations.pdf","SEC_Form_8K_Current_Report_Rules.pdf","policy_conflict","critical","Discovery of materially false financial statements triggers immediate UPSI disclosure obligations to prevent insider trading.","Item 4.02 requires an 8-K filing if the board concludes that any previously issued financial statements can no longer be relied upon due to an error.","Chapter I - 2(1)(n)","Item 4.02 - Non-Reliance on Previously Issued Financial Statements","true","Procedural mechanism mismatch. SEBI broadly treats false financials as UPSI requiring prompt disclosure. SEC has a highly specific 'Non-Reliance' trigger (Item 4.02) dictating exact steps when past financials are invalidated."
"SEBI_Insider_Trading_Regulations.pdf","SEC_Form_8K_Current_Report_Rules.pdf","policy_conflict","moderate","The board of directors shall specify designated persons to be covered by the code of conduct based on their role and function.","Form 8-K Item 5.02 specifically targets Named Executive Officers (NEOs) and directors, rather than requiring the board to define a custom list of 'designated persons'.","Chapter IV - Regulation 9(4)","Item 5.02 - Compensatory Arrangements of Certain Officers","true","Target audience mismatch. SEBI requires the board to actively identify and list 'designated persons'. SEC 8-K relies on statutory definitions of NEOs and directors for its disclosure triggers."
"SEBI_Insider_Trading_Regulations.pdf","SEC_Form_8K_Current_Report_Rules.pdf","numerical_discrepancy","moderate","A trading plan shall entail commencement of trading on behalf of the insider no earlier than six months from the public disclosure of the plan.","Form 8-K does not mandate a six-month cooling-off period for trading plans. (Note: SEC Rule 10b5-1 dictates cooling-off periods, but Form 8-K itself does not regulate this).","Chapter II - Regulation 5(2)(a)","General Instructions","true","Scope mismatch. SEBI builds strict trading plan cooling-off periods directly into the core PIT rules. Form 8-K does not address trading plan mechanics."
"SEBI_Insider_Trading_Regulations.pdf","SEC_Form_8K_Current_Report_Rules.pdf","policy_conflict","critical","Creation of a pledge on securities by a designated person is considered trading and requires prior disclosure and pre-clearance.","Form 8-K does not require reporting when an officer pledges company stock; such actions are typically reported via Section 16 Form 4 filings.","Chapter I - Definitions (Trading)","General Instructions","true","Reporting vehicle mismatch. SEBI defines pledging as 'trading' requiring immediate PIT compliance/disclosure. SEC 8-K ignores pledging, leaving it to Form 4 filings."
"SEBI_Insider_Trading_Regulations.pdf","SEC_Form_8K_Current_Report_Rules.pdf","policy_conflict","moderate","Information regarding the delisting of securities is explicitly classified as Unpublished Price Sensitive Information.","Item 3.01 requires filing an 8-K upon receiving a notice from a national securities exchange that the registrant does not satisfy a rule or standard for continued listing.","Chapter I - Regulation 2(1)(n)(v)","Item 3.01 - Notice of Delisting or Failure to Satisfy Listing Rule","true","Trigger threshold mismatch. SEBI broadly classifies 'delisting' as UPSI. SEC 8-K precisely triggers upon the receipt of a deficiency notice from the exchange, not just the delisting event itself."
"SEBI_Insider_Trading_Regulations.pdf","SEC_Form_8K_Current_Report_Rules.pdf","policy_conflict","critical","The regulations restrict trading when in possession of UPSI regarding a scheme of arrangement or merger.","Item 1.01 requires an 8-K filing when the registrant enters into a material definitive agreement not made in the ordinary course of business, such as a merger agreement.","Chapter II - Regulation 4","Item 1.01 - Entry into a Material Definitive Agreement","true","Conceptual focus mismatch. SEBI focuses on prohibiting trading before the merger is public. SEC 8-K focuses on forcing the disclosure of the definitive merger agreement once signed."
"SEBI_Insider_Trading_Regulations.pdf","SEC_Form_8K_Current_Report_Rules.pdf","numerical_discrepancy","moderate","Reporting obligations for designated persons apply universally on all trading days, regardless of weekends.","For Form 8-K filings, if the due date falls on a Saturday, Sunday, or federal holiday, the filing is due on the next business day.","Chapter III - Continual Disclosures","General Instructions - Day of Filing","true","Deadline calculation mismatch. SEBI calculates based on 'trading days'. SEC calculates based on 'business days' and explicitly rolls over weekend deadlines."
"SEBI_Insider_Trading_Regulations.pdf","SEC_Form_8K_Current_Report_Rules.pdf","policy_conflict","moderate","Any trades executed without pre-clearance by a designated person will result in disciplinary action under the code of conduct.","Form 8-K does not require or regulate the pre-clearance of trades for company officers or directors.","Schedule B - Clause 6","General Instructions","true","Operational compliance mismatch. SEBI mandates an internal pre-clearance mechanism for insiders. SEC 8-K contains no pre-clearance mandates."
"SEBI_Insider_Trading_Regulations.pdf","SEC_Form_8K_Current_Report_Rules.pdf","policy_conflict","critical","Changes in capital structure are defined as Unpublished Price Sensitive Information requiring careful handling.","Item 3.02 requires an 8-K filing for the unregistered sale of equity securities if they constitute 1% or more of the outstanding shares of that class.","Chapter I - Regulation 2(1)(n)(iv)","Item 3.02 - Unregistered Sales of Equity Securities","true","Threshold discrepancy. SEBI broadly tags capital structure changes as UPSI. SEC 8-K requires an explicit filing specifically for unregistered equity sales hitting a 1% volume threshold."
"SEBI_Insider_Trading_Regulations.pdf","SEC_Form_8K_Current_Report_Rules.pdf","policy_conflict","moderate","There are no specific provisions regarding the status of Shell Companies in the context of disclosing UPSI.","Item 5.06 requires a Form 8-K filing when a registrant ceases to be a shell company, detailing the material terms of the transaction.","General Scope","Item 5.06 - Change in Shell Company Status","true","Scope mismatch. SEC 8-K has a dedicated filing trigger for changes in Shell Company status. SEBI PIT does not isolate shell company status changes as a distinct reporting category."
"SEBI_Insider_Trading_Regulations.pdf","SEC_Form_8K_Current_Report_Rules.pdf","","","The objective is to prohibit insider trading and protect the integrity of the securities market by preventing information asymmetry.","The Form 8-K requirements are designed to provide investors with timely disclosure of material corporate events to maintain fair and efficient markets.","Preamble / Objective","General Instructions - Purpose","false","Both frameworks share the exact same fundamental objective: ensuring market integrity by preventing information asymmetry and mandating timely disclosure of material events."
"SEBI_Insider_Trading_Regulations.pdf","SEC_Form_8K_Current_Report_Rules.pdf","","","Information that is likely to materially affect the price of the securities must be disclosed.","Registrants must file Form 8-K to report the occurrence of events that are material to investors and the market.","Chapter I - Definition of UPSI","General Instructions - Events to be Reported","false","Both frameworks revolve entirely around the concept of 'materiality'—requiring the disclosure of information that would influence an investor's decision."
"SEBI_Insider_Trading_Regulations.pdf","SEC_Form_8K_Current_Report_Rules.pdf","","","No insider shall communicate, provide, or allow access to any UPSI to any person except where such communication is in furtherance of legitimate purposes.","Regulation FD prohibits the selective disclosure of material nonpublic information to market professionals or shareholders unless it is simultaneously disclosed to the public.","Chapter II - Regulation 3(1)","Item 7.01 - Regulation FD Disclosure","false","Both regulatory sets strictly prohibit the selective disclosure of material, non-public information to favored individuals."
"SEBI_Insider_Trading_Regulations.pdf","SEC_Form_8K_Current_Report_Rules.pdf","","","The compliance officer and the board of directors are responsible for administering the code of conduct and ensuring disclosures are made.","The Form 8-K must be signed by an officer duly authorized by the registrant, placing accountability for the disclosure on senior corporate officers.","Chapter IV - Codes of Fair Disclosure","Signatures","false","Both frameworks place the legal burden and accountability for accurate and timely disclosure squarely on the shoulders of the company's senior officers/board."
"SEBI_Insider_Trading_Regulations.pdf","SEC_Form_8K_Current_Report_Rules.pdf","","","Disclosures made under these regulations shall be disseminated to the stock exchanges where the securities are listed.","The Form 8-K is filed with the Securities and Exchange Commission via EDGAR, making it immediately available to the public and exchanges.","Chapter III - Regulation 7(2)","General Instructions - Filing","false","Both systems ensure that once a disclosure is formalized, it is submitted directly to the central market authority/exchanges for immediate public consumption."
"SEBI_Insider_Trading_Regulations.pdf","SEC_Form_8K_Current_Report_Rules.pdf","","","Information may be withheld from public disclosure temporarily if it relates to a proposed transaction being explored under legitimate purposes with confidentiality agreements.","Disclosure of a material definitive agreement or merger may be delayed until the agreement is fully executed, protecting ongoing confidential negotiations.","Chapter II - Regulation 3(3)","Item 1.01 - Instructions","false","Both frameworks recognize that highly sensitive corporate negotiations (like mergers) can be kept confidential prior to reaching a definitive agreement."
"SEBI_Insider_Trading_Regulations.pdf","SEC_Form_8K_Current_Report_Rules.pdf","","","The board of directors shall ensure that a robust system of internal controls is in place to prevent the leakage of UPSI.","Registrants must maintain effective disclosure controls and procedures to ensure that information required to be disclosed on Form 8-K is recorded, processed, and reported accurately.","Chapter II - Regulation 9A","General Instructions - Disclosure Controls","false","Both regulations mandate that companies establish and maintain strict internal control procedures to identify and handle material information properly."
"SEBI_Insider_Trading_Regulations.pdf","SEC_Form_8K_Current_Report_Rules.pdf","","","Changes in Key Managerial Personnel (KMP) are deemed to be material events requiring careful handling.","The departure, appointment, or election of directors and certain principal officers triggers a mandatory disclosure.","Chapter I - Regulation 2(1)(n)","Item 5.02 - Departure and Appointment of Officers","false","Both regulators agree that shifts in top-tier executive leadership (C-suite/Directors) constitute material events that the market must know about."
"SEBI_Insider_Trading_Regulations.pdf","SEC_Form_8K_Current_Report_Rules.pdf","","","A company's failure to disclose material information promptly can result in severe regulatory penalties and sanctions.","Failure to file a required Form 8-K can result in SEC enforcement actions, loss of Form S-3 eligibility, and civil penalties.","Chapter IV - Penalties and Enforcement","General Instructions - Consequences of Non-Compliance","false","Both frameworks enforce strict regulatory penalties, including monetary fines and legal action, against companies that fail to make required material disclosures."
"SEBI_Insider_Trading_Regulations.pdf","SEC_Form_8K_Current_Report_Rules.pdf","","","Companies must ensure that all forward-looking information or earnings guidance is handled securely until officially published.","Public announcements regarding results of operations or financial condition for a completed period must be formally furnished to the regulator.","Schedule A - Principles of Fair Disclosure","Item 2.02 - Results of Operations","false","Both rules tightly control the release of financial results and operational guidance, ensuring they are distributed equitably to all investors simultaneously."
"SEBI_Insider_Trading_Regulations.pdf","SEC_Form_8K_Current_Report_Rules.pdf","policy_conflict","moderate","Information relating to financial results, dividends, and capital structure are explicitly defined as UPSI. Mid-quarter impairments are not isolated as standalone mandatory disclosures outside of financial results.","Item 2.06 requires a Form 8-K filing when a registrant's board of directors concludes that a material charge for impairment to one or more of its assets is required.","Chapter I - Regulation 2(1)(n) - Material Impairments","Item 2.06 - Material Impairments","true","Reporting trigger mismatch. SEC 8-K requires an immediate, standalone filing specifically when a material impairment is concluded by the board. SEBI PIT treats general financial shifts as UPSI but lacks a standalone impairment trigger."
"SEBI_Insider_Trading_Regulations.pdf","SEC_Form_8K_Current_Report_Rules.pdf","policy_conflict","critical","UPSI includes any information that is likely to materially affect the price of the securities, focusing broadly on capital changes and mergers.","Item 2.03 mandates a Form 8-K for the creation of a direct financial obligation or an obligation under an off-balance sheet arrangement of a registrant.","Chapter I - Regulation 2(1)(n) - Financial Obligations","Item 2.03 - Creation of a Direct Financial Obligation","true","Specificity mismatch. SEC explicitly forces 8-K disclosure for the creation of significant debt or off-balance sheet arrangements. SEBI PIT does not explicitly tag routine debt creation as UPSI unless it alters the capital structure materially."
"SEBI_Insider_Trading_Regulations.pdf","SEC_Form_8K_Current_Report_Rules.pdf","policy_conflict","minor","UPSI generally does not encompass standard corporate governance document updates unless they fundamentally alter the business structure (like a merger).","Item 5.03 requires an 8-K filing upon any amendment to the registrant's articles of incorporation or bylaws if the registrant has a class of equity securities registered.","Chapter I - Definition of UPSI - Bylaws","Item 5.03 - Amendments to Articles of Incorporation or Bylaws","true","Scope mismatch. SEC strictly requires a public 8-K filing for bylaw amendments. SEBI PIT does not classify generic bylaw amendments as price-sensitive information requiring insider trading blackout protocols."
"SEBI_Insider_Trading_Regulations.pdf","SEC_Form_8K_Current_Report_Rules.pdf","policy_conflict","minor","There are no provisions within the Insider Trading Regulations classifying a change in the financial/fiscal year as Unpublished Price Sensitive Information.","Item 5.03 explicitly requires a Form 8-K to be filed if the registrant determines to change its fiscal year from that used in its most recent filing.","General Scope - Fiscal Year","Item 5.03 - Change in Fiscal Year","true","Scope mismatch. SEC requires a current report for changing the fiscal year. SEBI PIT ignores this completely as it is not inherently price-sensitive."
"SEBI_Insider_Trading_Regulations.pdf","SEC_Form_8K_Current_Report_Rules.pdf","policy_conflict","critical","Any amount collected by the company for violations of the code of conduct shall be remitted to the Board (SEBI) for credit to the Investor Protection and Education Fund. Waivers are not publicly broadcasted as price-sensitive.","Item 5.05 requires a Form 8-K filing to publicly disclose any waiver, including an implicit waiver, from a provision of the code of ethics granted to the principal executive or financial officers.","Schedule B - Clause 12 - Ethics Waivers","Item 5.05 - Amendments to the Registrant's Code of Ethics","true","Transparency mismatch. SEBI requires companies to fine executives for code violations and report to SEBI. SEC 8-K requires companies to publicly announce to the market if they grant a waiver to a top executive regarding ethical codes."
"SEBI_Insider_Trading_Regulations.pdf","SEC_Form_8K_Current_Report_Rules.pdf","policy_conflict","moderate","Routine voting results from general meetings are not classified as UPSI under PIT regulations, as they are public proceedings.","Item 5.07 requires an 8-K filing within four business days to report the results of any matter that was submitted to a vote of security holders.","General Scope - Voting Results","Item 5.07 - Submission of Matters to a Vote of Security Holders","true","Scope mismatch. SEC Form 8-K specifically captures and mandates the reporting of shareholder voting results. SEBI PIT does not govern the reporting of voting results."
"SEBI_Insider_Trading_Regulations.pdf","SEC_Form_8K_Current_Report_Rules.pdf","numerical_discrepancy","critical","If UPSI is leaked or selectively disclosed, it must be made generally available promptly to avoid insider trading advantages.","Under Regulation FD, if an unintentional selective disclosure of material nonpublic information occurs, the registrant must file an 8-K 'promptly', strictly defined as within 24 hours or the commencement of the next day's trading.","Chapter II - Regulation 3(2)","Item 7.01 - Regulation FD (Promptly Definition)","true","Numerical mismatch on cure periods. SEBI uses a qualitative 'promptly' for curing leaked UPSI. SEC defines 'promptly' for Reg FD cures with a hard 24-hour statutory deadline."
"SEBI_Insider_Trading_Regulations.pdf","SEC_Form_8K_Current_Report_Rules.pdf","policy_conflict","moderate","Bankruptcy or receivership is governed under broader material events/UPSI, but does not have a dedicated, standalone clause in the PIT framework outlining receiver disclosures.","Item 1.03 requires an 8-K filing specifically when a receiver, fiscal agent, or similar officer has been appointed for a registrant or its parent in a bankruptcy proceeding.","Chapter I - Definition of UPSI - Bankruptcy","Item 1.03 - Bankruptcy or Receivership","true","Categorization mismatch. SEC has a dedicated 8-K item specifically for bankruptcy and receivership appointments. SEBI PIT groups this under general qualitative material events without standalone mechanics."
"SEBI_Insider_Trading_Regulations.pdf","SEC_Form_8K_Current_Report_Rules.pdf","policy_conflict","critical","Discovery of materially false financial statements is UPSI. The company handles disclosure generally under the obligation to promptly inform the stock exchange.","Item 4.02 distinguishes between internal discovery of financial errors (Item 4.02(a)) and receiving formal notice from the independent auditor that past reports cannot be relied upon (Item 4.02(b)), requiring specific disclosures about the auditor's notice.","Chapter I - 2(1)(n) - False Financial Statements","Item 4.02 - Non-Reliance on Previously Issued Financial Statements","true","Mechanism mismatch. SEC 8-K creates a bifurcated reporting requirement depending on whether management or the auditor discovered the financial error. SEBI PIT treats false financials universally as UPSI to be disclosed."
"SEBI_Insider_Trading_Regulations.pdf","SEC_Form_8K_Current_Report_Rules.pdf","policy_conflict","minor","Disclosures made under these regulations shall be made to the stock exchanges in such form as may be specified by them.","Registrants must use the standardized SEC Form 8-K and file it electronically through the SEC's Electronic Data Gathering, Analysis, and Retrieval (EDGAR) system.","Chapter III - Regulation 7(3)","General Instructions - Filing Mechanisms","true","Filing mechanism mismatch. SEBI allows disclosures in whatever form the specific stock exchange dictates. SEC mandates a singular federal form (8-K) filed through a specific federal database (EDGAR)."
